{
    "parent": "minecraft:item/generated",
    "textures": { "layer0": "minecraft:item/tripwire_hook" },
    "overrides": 
	[
	    { "predicate": { "custom_model_data": 1 }, "model": "item/CommonKey2D" },
	    { "predicate": { "custom_model_data": 2 }, "model": "item/RareKey2D" },
	    { "predicate": { "custom_model_data": 3 }, "model": "item/EpicKey2D" },
	    { "predicate": { "custom_model_data": 4 }, "model": "item/LegendaryKey2D" },
	    { "predicate": { "custom_model_data": 5 }, "model": "item/MythicKey2D" }
	]
}