{
	"format_version": "1.9.0",
	"credit": "Made with Blockbench",
	"texture_size": [3, 1],
	"textures": {
		"0": "item/MythicKey"
	},
	"elements": [
		{
			"from": [8.5, 1, 4.5],
			"to": [9, 1.5, 9],
			"rotation": {"angle": 0, "axis": "y", "origin": [8.5, 1, 6.5]},
			"faces": {
				"north": {"uv": [6, 15.86667, 7.06667, 6.53333], "texture": "#0"},
				"east": {"uv": [8, 16, 8.66667, 6.66667], "texture": "#0"},
				"south": {"uv": [10.4, 15.86667, 9.33333, 6.53333], "texture": "#0"},
				"west": {"uv": [7.33333, 11.06667, 8, 1.73333], "texture": "#0"},
				"up": {"uv": [8, 6, 9.06667, 0], "texture": "#0"},
				"down": {"uv": [5.86667, 0, 6.93333, 6], "texture": "#0"}
			}
		},
		{
			"from": [8.6, 0.25, 4.6],
			"to": [8.85, 1, 5.1],
			"rotation": {"angle": 0, "axis": "y", "origin": [6.85, 0, 4.6]},
			"faces": {
				"north": {"uv": [12.8, 2.6, 14.4, 4.2], "texture": "#0"},
				"east": {"uv": [12.8, 2.6, 14.4, 4.2], "texture": "#0"},
				"south": {"uv": [12.8, 2.6, 14.4, 4.2], "texture": "#0"},
				"west": {"uv": [13.33333, 7.4, 13.33333, 7.4], "texture": "#0"},
				"up": {"uv": [12.8, 2.6, 14.4, 4.2], "texture": "#0"},
				"down": {"uv": [12.8, 2.6, 14.4, 4.2], "texture": "#0"}
			}
		},
		{
			"from": [8.6, 0.15, 7.1],
			"to": [8.85, 1, 7.6],
			"rotation": {"angle": 0, "axis": "y", "origin": [6.85, 0, 7.1]},
			"faces": {
				"north": {"uv": [12.8, 2.6, 14.4, 4.2], "texture": "#0"},
				"east": {"uv": [12.8, 2.6, 14.4, 4.2], "texture": "#0"},
				"south": {"uv": [12.8, 2.6, 14.4, 4.2], "texture": "#0"},
				"west": {"uv": [13.33333, 7.4, 13.33333, 7.4], "texture": "#0"},
				"up": {"uv": [12.8, 2.6, 14.4, 4.2], "texture": "#0"},
				"down": {"uv": [12.8, 2.6, 14.4, 4.2], "texture": "#0"}
			}
		},
		{
			"from": [8.6, 0.15, 6.1],
			"to": [8.85, 1, 6.6],
			"rotation": {"angle": 0, "axis": "y", "origin": [6.85, 0, 6.1]},
			"faces": {
				"north": {"uv": [12.8, 2.6, 14.4, 4.2], "texture": "#0"},
				"east": {"uv": [12.8, 2.6, 14.4, 4.2], "texture": "#0"},
				"south": {"uv": [12.8, 2.6, 14.4, 4.2], "texture": "#0"},
				"west": {"uv": [13.33333, 7.4, 13.33333, 7.4], "texture": "#0"},
				"up": {"uv": [12.8, 2.6, 14.4, 4.2], "texture": "#0"},
				"down": {"uv": [12.8, 2.6, 14.4, 4.2], "texture": "#0"}
			}
		},
		{
			"from": [8.6, 0.15, 8.35],
			"to": [8.85, 1, 8.85],
			"rotation": {"angle": 0, "axis": "y", "origin": [6.85, 0, 8.35]},
			"faces": {
				"north": {"uv": [12.8, 2.6, 14.4, 4.2], "texture": "#0"},
				"east": {"uv": [12.8, 2.6, 14.4, 4.2], "texture": "#0"},
				"south": {"uv": [12.8, 2.6, 14.4, 4.2], "texture": "#0"},
				"west": {"uv": [13.33333, 7.4, 13.33333, 7.4], "texture": "#0"},
				"up": {"uv": [12.8, 2.6, 14.4, 4.2], "texture": "#0"},
				"down": {"uv": [12.8, 2.6, 14.4, 4.2], "texture": "#0"}
			}
		},
		{
			"from": [8.6, 0.6, 5.1],
			"to": [8.85, 1, 6.1],
			"rotation": {"angle": 0, "axis": "y", "origin": [6.85, 0, 5.6]},
			"faces": {
				"north": {"uv": [13.26667, 6.8, 13.26667, 11.6], "texture": "#0"},
				"east": {"uv": [12.26667, 6.8, 13.26667, 11.6], "texture": "#0"},
				"south": {"uv": [14.26667, 6.8, 14.26667, 11.6], "texture": "#0"},
				"west": {"uv": [14.33333, 8.4, 15.33333, 8.4], "texture": "#0"},
				"up": {"uv": [13.26667, 11.6, 13.26667, 5.8], "texture": "#0"},
				"down": {"uv": [13.26667, 5.8, 13.26667, 11.6], "texture": "#0"}
			}
		},
		{
			"from": [8.6, 0.7, 6.6],
			"to": [8.85, 1, 7.1],
			"rotation": {"angle": 0, "axis": "y", "origin": [6.85, 0, 6.6]},
			"faces": {
				"north": {"uv": [12.8, 2.6, 14.4, 4.2], "texture": "#0"},
				"east": {"uv": [12.8, 2.6, 14.4, 4.2], "texture": "#0"},
				"south": {"uv": [12.8, 2.6, 14.4, 4.2], "texture": "#0"},
				"west": {"uv": [13.33333, 7.4, 13.33333, 7.4], "texture": "#0"},
				"up": {"uv": [12.8, 2.6, 14.4, 4.2], "texture": "#0"},
				"down": {"uv": [12.8, 2.6, 14.4, 4.2], "texture": "#0"}
			}
		},
		{
			"from": [8.6, 0.6, 7.6],
			"to": [8.85, 1, 8.35],
			"rotation": {"angle": 0, "axis": "y", "origin": [6.85, 0, 7.85]},
			"faces": {
				"north": {"uv": [12.8, 2.6, 14.4, 4.2], "texture": "#0"},
				"east": {"uv": [12.8, 2.6, 14.4, 4.2], "texture": "#0"},
				"south": {"uv": [12.8, 2.6, 14.4, 4.2], "texture": "#0"},
				"west": {"uv": [13.33333, 7.4, 13.33333, 7.4], "texture": "#0"},
				"up": {"uv": [12.8, 2.6, 14.4, 4.2], "texture": "#0"},
				"down": {"uv": [11.73333, 2.6, 13.33333, 4.2], "texture": "#0"}
			}
		},
		{
			"from": [8.375, 0.15, 9.6],
			"to": [9.125, 0.75, 10.4],
			"rotation": {"angle": 0, "axis": "y", "origin": [7.875, 0.4, 9]},
			"faces": {
				"north": {"uv": [0.4, 0, 4.4, 9.6], "texture": "#0"},
				"east": {"uv": [0, 0, 4.26667, 9.6], "texture": "#0"},
				"south": {"uv": [0.4, 1.6, 4.4, 11.2], "texture": "#0"},
				"west": {"uv": [0, 2.4, 4.26667, 12], "texture": "#0"},
				"up": {"uv": [0.4, 0, 4.4, 12.8], "texture": "#0"},
				"down": {"uv": [0.4, 0, 4.4, 12.8], "texture": "#0"}
			}
		},
		{
			"from": [8.375, 1.75, 9.6],
			"to": [9.125, 2.35, 10.4],
			"rotation": {"angle": 0, "axis": "y", "origin": [7.875, 2.1, 9]},
			"faces": {
				"north": {"uv": [0, 2.4, 4, 12], "texture": "#0"},
				"east": {"uv": [0, 0, 4.26667, 9.6], "texture": "#0"},
				"south": {"uv": [0.4, 1.6, 4.4, 11.2], "texture": "#0"},
				"west": {"uv": [0.4, 0, 4.66667, 9.6], "texture": "#0"},
				"up": {"uv": [0.4, 0, 4.4, 12.8], "texture": "#0"},
				"down": {"uv": [0.4, 0, 4.4, 12.8], "texture": "#0"}
			}
		},
		{
			"from": [8.4, 1.5125, 10.05],
			"to": [9.1, 2.0375, 10.9],
			"rotation": {"angle": 45, "axis": "x", "origin": [8.875, 1.775, 10.6]},
			"faces": {
				"north": {"uv": [0.4, 0, 4.13333, 8.4], "texture": "#0"},
				"east": {"uv": [0, 0, 4.53333, 8.4], "texture": "#0"},
				"south": {"uv": [0.4, 1.6, 4.13333, 10], "texture": "#0"},
				"west": {"uv": [0, 2.4, 4.53333, 10.8], "texture": "#0"},
				"up": {"uv": [0.4, 0, 4.13333, 13.6], "texture": "#0"},
				"down": {"uv": [0.4, 0, 4.13333, 13.6], "texture": "#0"}
			}
		},
		{
			"from": [8.4, 0.2875, 10.125],
			"to": [9.1, 0.8125, 10.975],
			"rotation": {"angle": -45, "axis": "x", "origin": [8.875, 0.55, 10.425]},
			"faces": {
				"north": {"uv": [0.4, 2.4, 4.13333, 10.8], "rotation": 180, "texture": "#0"},
				"east": {"uv": [0, 0, 4.53333, 8.4], "rotation": 180, "texture": "#0"},
				"south": {"uv": [0.4, 0, 4.13333, 8.4], "rotation": 180, "texture": "#0"},
				"west": {"uv": [0, 2.4, 4.53333, 10.8], "rotation": 180, "texture": "#0"},
				"up": {"uv": [0.4, 0, 4.13333, 13.6], "texture": "#0"},
				"down": {"uv": [0.4, 0, 4.13333, 13.6], "texture": "#0"}
			}
		},
		{
			"from": [8.4, 1.6875, 9.025],
			"to": [9.1, 2.2125, 9.875],
			"rotation": {"angle": -45, "axis": "x", "origin": [8.875, 1.95, 9.575]},
			"faces": {
				"north": {"uv": [0.4, 0, 4.13333, 8.4], "texture": "#0"},
				"east": {"uv": [0, 0, 4.53333, 8.4], "texture": "#0"},
				"south": {"uv": [0.4, 1.6, 4.13333, 10], "texture": "#0"},
				"west": {"uv": [0, 1.6, 4.53333, 10], "texture": "#0"},
				"up": {"uv": [0, 2.4, 3.73333, 16], "texture": "#0"},
				"down": {"uv": [0.4, 0, 4.13333, 13.6], "texture": "#0"}
			}
		},
		{
			"from": [8.4, 0.175, 9.1375],
			"to": [9.1, 1.025, 9.6625],
			"rotation": {"angle": -45, "axis": "x", "origin": [8.875, 0.725, 9.4]},
			"faces": {
				"north": {"uv": [0.4, 0, 4.13333, 13.6], "rotation": 180, "texture": "#0"},
				"east": {"uv": [0, 0, 4.53333, 8.4], "rotation": 90, "texture": "#0"},
				"south": {"uv": [0.4, 0, 4.13333, 13.6], "texture": "#0"},
				"west": {"uv": [0, 2.4, 4.53333, 10.8], "rotation": 270, "texture": "#0"},
				"up": {"uv": [0.4, 1.6, 4.13333, 10], "texture": "#0"},
				"down": {"uv": [0.4, 0, 4.13333, 8.4], "rotation": 180, "texture": "#0"}
			}
		},
		{
			"from": [8.375, 0.75, 9],
			"to": [9.125, 1.75, 9.6],
			"rotation": {"angle": 0, "axis": "x", "origin": [7.875, 2.55, 9.25]},
			"faces": {
				"north": {"uv": [0.4, 0, 4.4, 16], "rotation": 180, "texture": "#0"},
				"east": {"uv": [0, 0, 4.26667, 9.6], "rotation": 270, "texture": "#0"},
				"south": {"uv": [0.4, 0, 4.4, 16], "texture": "#0"},
				"west": {"uv": [0, 2.4, 4.26667, 12], "rotation": 90, "texture": "#0"},
				"up": {"uv": [0.4, 0, 4.4, 9.6], "rotation": 180, "texture": "#0"},
				"down": {"uv": [0.4, 1.6, 4.4, 11.2], "texture": "#0"}
			}
		},
		{
			"from": [8.375, 0.75, 10.4],
			"to": [9.125, 1.75, 11],
			"rotation": {"angle": 0, "axis": "y", "origin": [7.875, 2.55, 10.75]},
			"faces": {
				"north": {"uv": [0.4, 0, 4.4, 16], "rotation": 180, "texture": "#0"},
				"east": {"uv": [0, 0, 4.26667, 9.6], "rotation": 270, "texture": "#0"},
				"south": {"uv": [0.4, 0, 4.4, 16], "texture": "#0"},
				"west": {"uv": [0, 2.4, 4.26667, 12], "rotation": 90, "texture": "#0"},
				"up": {"uv": [0.4, 0, 4.4, 9.6], "rotation": 180, "texture": "#0"},
				"down": {"uv": [0.4, 1.6, 4.4, 11.2], "texture": "#0"}
			}
		}
	],
	"display": {
		"thirdperson_righthand": {
			"translation": [-0.75, 4.5, -2]
		},
		"thirdperson_lefthand": {
			"translation": [0.75, 5, -2]
		},
		"firstperson_righthand": {
			"rotation": [0, 0, -10],
			"translation": [1, 10, 0]
		},
		"firstperson_lefthand": {
			"rotation": [0, 0, -10],
			"translation": [1, 10, 0]
		},
		"ground": {
			"rotation": [0, 0, 90],
			"translation": [-7, -4, 0]
		},
		"gui": {
			"rotation": [90, 45, -90],
			"translation": [12.5, 11.25, 0],
			"scale": [2.5, 2.5, 2.5]
		},
		"head": {
			"translation": [-1.5, 11.5, -8.5],
			"scale": [2, 2, 2]
		},
		"fixed": {
			"rotation": [0, -90, 0],
			"translation": [0, 14, -1],
			"scale": [2, 2, 2]
		}
	}
}